SubRegion,run,ID,p1,p2,doc,dob,dod,female,founder,X,Y,l0a0,l0a1,l1a0,l1a1,l2a0,l2a1,l3a0,l3a1,l4a0,l4a1,l5a0,l5a1,l6a0,l6a1,l7a0,l7a1,l8a0,l8a1,l9a0,l9a1,l10a0,l10a1,l11a0,l11a1,l12a0,l12a1,l13a0,l13a1,
0,0,12,0,0,0,0,-1,true,true,47,37,13,7,9,15,18,2,19,16,11,7,5,13,15,1,1,18,1,19,2,13,1,1,2,3,3,0,2,1,
0,0,50,14,20,0,1,-1,true,false,46,60,3,13,6,16,1,16,6,11,17,4,13,16,19,9,1,10,0,19,16,2,3,1,2,3,2,0,0,1,
0,0,55,-1,-1,0,1,-1,false,false,39,70,19,15,17,1,14,17,11,9,18,6,9,3,2,12,13,19,12,6,16,7,0,2,3,0,2,0,2,3,
0,0,40,5,6,0,1,-1,true,false,8,11,8,11,8,13,8,0,7,15,15,0,8,19,10,7,7,0,19,14,1,16,2,0,3,1,0,3,2,1,
0,0,49,14,20,0,1,-1,true,false,43,57,3,13,6,16,17,19,4,11,4,4,13,16,19,9,10,10,0,14,16,9,3,1,1,3,2,0,0,0,
0,0,62,-1,-1,0,1,-1,true,false,15,72,18,2,10,13,2,4,13,19,1,5,9,8,13,12,8,10,3,17,5,11,1,1,0,0,1,3,3,1,
0,0,48,12,15,0,2,-1,true,false,49,37,7,14,9,1,2,7,16,19,7,5,5,6,15,7,18,1,19,2,13,17,1,2,3,1,3,2,1,2,
0,0,95,47,17,1,2,-1,true,false,30,33,11,3,15,19,17,2,4,14,4,7,14,18,19,4,15,17,8,4,2,5,1,2,1,0,2,1,2,3,
0,0,102,-1,-1,1,2,-1,true,false,36,61,6,9,2,10,18,18,11,5,5,8,11,13,8,4,11,15,16,16,12,8,1,3,2,0,1,1,2,2,
0,0,44,6,5,0,2,-1,false,false,13,40,14,15,17,8,2,14,15,7,0,19,19,10,7,10,19,6,15,10,0,9,0,2,0,1,0,0,2,2,
0,0,96,47,17,1,2,-1,true,false,28,29,11,3,3,19,17,2,10,18,4,18,13,18,19,9,10,17,3,19,2,5,3,2,1,0,2,1,3,3,
0,0,100,-1,-1,1,2,-1,false,false,50,23,3,15,8,16,13,16,14,13,1,7,9,12,7,16,17,14,0,12,0,10,3,1,2,2,3,1,3,3,
0,0,93,56,9,1,2,-1,false,false,47,56,13,13,6,10,4,14,3,13,2,9,3,12,4,1,17,9,5,13,16,15,0,2,2,3,3,2,1,0,
0,0,105,-1,-1,1,2,-1,true,false,38,83,18,2,13,8,2,19,11,2,14,18,14,12,19,12,0,16,7,4,11,12,2,3,1,2,0,2,0,3,
0,0,121,16,100,2,3,-1,false,false,44,23,3,3,1,16,4,13,1,14,5,1,3,12,4,16,16,17,3,0,0,10,3,1,1,2,3,1,0,3,
0,0,116,11,47,2,3,-1,true,false,32,34,10,11,1,15,15,17,6,4,2,14,5,13,12,12,19,10,12,8,9,2,1,3,1,2,1,2,2,2,
0,0,144,49,93,2,3,-1,true,false,39,55,13,13,16,10,17,4,11,13,4,2,16,3,19,4,10,9,14,5,16,15,1,2,1,3,0,3,0,1,
0,0,143,49,93,2,3,-1,false,false,41,58,3,13,6,6,17,14,11,3,4,9,13,12,9,4,10,9,0,13,9,16,1,2,1,2,0,3,0,0,
0,0,155,44,54,2,3,-1,true,false,10,43,15,13,8,9,2,19,7,11,0,15,10,2,10,2,19,10,15,6,0,18,0,3,1,2,0,3,2,3,
0,0,141,47,17,2,3,-1,true,false,27,5,12,3,3,13,15,19,4,14,14,18,14,2,19,9,10,4,3,19,2,5,3,2,1,2,2,1,3,3,
0,0,66,5,42,1,3,-1,false,false,9,15,15,11,8,8,8,8,8,18,19,15,8,19,10,8,6,7,10,10,9,1,2,0,1,1,0,3,2,1,
0,0,158,93,14,2,3,-1,false,false,45,53,13,12,6,6,14,1,13,6,9,17,12,13,4,19,9,1,13,0,15,2,0,3,3,1,3,3,0,0,
0,0,142,47,17,2,3,-1,false,false,35,39,12,5,15,13,17,2,4,14,4,7,13,2,12,4,15,4,8,19,2,16,3,2,2,0,2,1,2,3,
0,0,152,102,14,2,3,-1,false,false,34,58,6,3,2,6,18,17,5,6,5,4,13,13,8,19,11,10,16,8,8,2,3,0,2,1,1,3,2,0,
0,0,115,11,95,2,3,-1,false,false,30,70,10,3,15,19,15,2,6,14,14,4,14,18,7,4,15,17,12,8,9,5,1,2,2,0,2,2,2,2,
0,0,133,42,102,2,3,-1,true,false,5,2,8,6,17,2,8,18,7,5,15,5,10,11,8,4,7,15,15,16,0,12,0,1,0,0,3,1,2,2,
0,0,146,49,14,2,3,-1,false,false,39,63,3,3,6,3,17,17,4,6,4,17,16,13,9,19,10,10,0,8,9,16,3,0,1,2,0,3,0,3,
0,0,147,57,102,2,3,-1,false,false,34,44,19,6,11,2,17,18,3,5,0,5,13,11,7,4,0,15,3,16,5,8,0,3,3,2,0,1,1,2,
0,0,109,6,41,2,3,-1,false,false,13,11,14,14,17,8,2,8,18,15,0,4,19,19,8,10,0,7,15,14,0,0,0,2,1,1,0,3,2,0,
0,0,177,50,93,3,4,-1,true,false,43,63,13,13,6,10,1,14,11,13,17,2,16,3,19,4,10,9,0,5,2,16,1,2,3,3,2,3,1,0,
0,0,222,144,102,3,4,-1,false,false,42,55,13,9,10,2,4,18,13,11,2,5,16,13,4,4,9,15,14,16,16,8,2,3,1,2,3,1,0,2,
0,0,167,11,47,3,4,-1,true,false,31,44,10,11,1,15,15,15,6,10,14,14,14,13,7,19,19,10,3,8,18,2,0,3,1,1,1,2,2,2,
0,0,256,-1,-1,3,4,-1,true,false,48,47,9,16,14,7,9,5,18,6,10,11,0,0,14,13,8,10,8,18,1,0,1,2,0,0,2,3,1,2,
0,0,214,93,143,3,4,-1,true,false,49,55,13,13,10,6,4,14,3,3,9,9,12,13,1,9,9,9,5,0,15,9,0,1,2,1,3,0,0,0,
0,0,220,144,102,3,4,-1,false,false,44,53,13,6,10,10,4,18,11,11,4,8,3,11,19,8,9,15,14,16,15,12,2,3,3,2,3,1,1,2,
0,0,207,44,155,3,4,-1,false,false,9,34,15,13,17,8,14,19,15,7,19,0,19,2,7,10,19,10,10,6,0,18,0,3,1,2,0,3,2,3,
0,0,176,17,116,3,4,-1,true,false,27,35,3,11,19,15,19,15,18,4,18,14,18,13,4,12,4,19,4,12,16,2,2,1,0,1,1,2,0,2,
0,0,172,12,48,3,4,-1,false,false,43,37,13,14,15,9,2,7,16,16,7,5,13,6,1,15,1,1,19,19,2,17,1,2,2,1,0,3,1,1,
0,0,178,50,143,3,4,-1,true,false,44,64,13,3,6,6,16,14,6,11,17,4,16,12,9,4,1,10,0,13,2,16,3,2,2,2,0,3,1,0,
0,0,212,93,49,3,4,-1,true,false,42,62,13,13,10,6,14,17,3,11,9,4,3,13,1,19,17,10,5,0,16,16,2,3,3,3,2,0,1,0,
0,0,237,142,11,3,4,-1,true,false,33,40,12,11,15,1,2,15,14,10,4,14,13,5,4,7,4,15,19,12,16,18,3,1,0,2,2,2,2,2,
0,0,238,142,116,3,4,-1,true,false,38,39,12,10,15,15,17,15,14,4,7,2,2,5,4,12,15,10,8,12,16,2,2,1,0,2,2,2,2,2,
0,0,254,-1,-1,3,4,-1,true,false,28,91,11,17,3,19,16,18,2,13,19,19,3,11,13,9,10,4,8,9,14,17,0,0,1,0,3,0,3,1,
0,0,241,152,57,3,4,-1,false,false,31,47,6,4,6,11,17,17,5,19,4,0,13,13,8,15,11,5,8,4,2,5,3,2,2,3,3,0,2,1,
0,0,205,44,155,3,4,-1,true,false,8,51,15,13,8,8,2,2,7,11,0,15,10,2,7,2,19,19,10,6,0,0,2,3,1,1,0,3,2,2,
0,0,204,102,143,3,4,-1,false,false,32,43,6,3,10,6,18,14,11,11,8,9,11,12,8,4,15,10,16,0,12,9,3,2,0,2,1,3,2,0,
0,0,145,49,93,2,4,-1,false,false,39,68,3,13,6,6,17,4,11,3,4,2,16,12,19,1,10,17,14,5,16,16,1,0,3,3,0,2,0,1,
0,0,253,-1,-1,3,4,-1,false,false,16,71,16,19,15,16,16,6,0,13,18,17,9,8,11,1,18,2,3,11,18,15,2,3,2,2,3,3,1,3,
0,0,168,11,47,3,4,-1,false,false,32,49,10,11,1,3,15,17,6,10,2,14,5,14,7,12,15,15,12,3,18,2,0,3,2,2,2,2,2,3,
0,0,245,114,10,3,4,-1,false,false,6,38,12,9,1,19,19,11,8,11,16,18,14,12,4,4,2,7,5,18,4,18,0,3,1,1,0,1,2,2,
0,0,219,116,95,3,4,-1,true,false,29,32,10,11,15,19,17,17,6,14,2,4,5,18,12,19,10,17,8,8,9,2,3,2,2,0,1,2,2,2,
0,0,206,44,155,3,4,-1,false,false,11,46,15,15,17,8,14,2,7,7,0,0,19,2,7,2,6,10,15,6,9,0,2,3,0,2,0,3,2,2,
0,0,215,121,16,3,4,-1,false,false,46,24,3,0,1,8,13,4,1,1,1,17,12,3,4,6,16,13,3,16,10,0,3,2,2,1,1,3,3,0,
0,0,235,158,93,3,4,-1,true,false,43,56,13,13,6,6,1,4,6,13,9,9,13,12,4,1,9,9,13,5,15,16,0,2,1,3,3,2,0,0,
0,0,196,57,102,3,4,-1,true,false,34,59,19,6,11,2,17,18,3,11,5,8,19,11,15,4,0,11,3,16,1,12,0,1,3,0,0,1,1,2,
0,0,208,96,95,3,4,-1,false,false,23,37,11,11,3,19,17,17,10,14,4,7,13,18,19,19,10,15,3,4,5,5,2,1,0,1,1,1,3,3,
0,0,226,143,49,3,4,-1,false,false,39,52,3,3,6,16,17,19,3,4,9,4,12,13,4,19,9,10,13,14,9,9,1,3,2,3,0,0,0,0,
0,0,232,158,49,3,4,-1,true,false,50,54,13,13,6,16,14,19,6,11,9,4,13,16,19,19,1,10,0,0,2,9,3,1,3,1,3,2,0,0,
0,0,236,142,11,3,4,-1,false,false,39,41,5,10,13,15,17,0,14,10,4,2,2,14,12,7,4,15,8,3,2,18,3,0,0,1,1,2,3,3,
0,0,198,62,114,3,4,-1,true,false,10,84,18,12,13,2,2,19,19,8,5,1,8,12,12,4,10,2,17,18,5,4,1,0,0,1,1,0,1,2,
0,0,120,16,100,2,4,-1,false,false,43,27,0,15,1,16,4,13,15,14,17,7,10,12,6,7,16,17,3,12,0,0,3,1,1,2,3,1,0,3,
1,0,255,-1,-1,3,4,-1,false,false,89,96,4,2,1,10,10,5,0,16,8,14,17,0,13,2,5,4,10,19,3,11,1,1,1,1,2,0,3,2,
0,0,193,49,143,3,4,-1,false,false,38,73,13,13,6,6,17,14,4,3,4,4,13,12,19,9,10,10,14,0,16,9,3,2,1,1,0,0,0,0,
0,0,243,152,57,3,4,-1,true,false,38,56,3,19,2,11,17,8,6,3,5,5,13,13,8,7,10,5,8,3,2,1,3,2,2,3,3,1,0,1,
0,0,166,-1,-1,2,4,-1,true,false,32,95,12,12,8,1,9,5,3,2,17,0,2,1,10,1,10,6,11,5,13,7,2,1,1,2,2,2,0,0,
0,0,203,95,116,3,4,-1,true,false,25,79,3,11,15,1,2,15,14,6,7,2,14,5,19,12,17,19,8,8,2,2,2,3,0,2,2,2,3,2,
0,0,200,95,11,3,4,-1,false,false,27,30,3,11,19,15,2,15,14,6,7,2,18,14,19,12,15,15,8,12,5,18,2,0,0,1,1,1,2,2,
0,0,174,16,121,3,4,-1,true,false,49,15,0,3,1,16,16,4,1,14,17,5,3,12,4,4,13,16,3,0,14,0,2,1,1,1,0,1,0,0,
0,0,170,11,147,3,4,-1,true,false,29,2,10,19,1,2,0,17,10,5,14,0,14,13,7,7,15,15,3,3,18,5,0,3,1,3,2,0,2,1,
0,0,192,49,11,3,4,-1,true,false,41,56,3,10,16,1,19,0,4,10,4,2,16,14,19,7,10,15,14,3,16,18,3,0,1,2,0,2,0,3,
0,0,234,158,49,3,4,-1,false,false,41,49,12,3,6,16,1,19,6,4,9,4,12,16,4,19,9,10,0,14,2,16,0,1,1,3,3,2,0,0,
0,0,197,57,102,3,4,-1,false,false,32,50,19,9,11,10,8,18,19,11,0,8,19,11,15,4,0,11,4,16,1,12,2,3,3,0,1,1,1,2,
0,0,189,47,11,3,4,-1,true,false,27,40,12,11,15,1,17,0,10,10,4,2,13,14,12,7,10,19,3,3,18,9,3,0,1,2,2,1,3,3,
1,1,7,2,2,0,0,-1,false,true,60,55,3,4,2,3,8,3,3,8,13,12,12,4,5,0,11,15,1,1,13,11,1,1,2,0,0,2,2,1,
0,1,14,0,0,0,0,-1,false,true,12,26,11,3,12,18,3,6,0,15,7,10,7,7,13,5,10,0,0,18,4,17,3,1,3,3,2,1,2,2,
0,1,17,0,0,0,0,-1,false,true,5,95,9,3,12,13,17,7,4,3,2,15,19,1,2,1,18,14,15,1,16,5,1,1,1,3,1,0,0,0,
0,1,76,-1,-1,1,2,-1,false,false,45,98,16,0,0,15,18,0,4,12,1,17,9,3,6,19,4,11,17,15,7,1,0,0,3,0,0,0,1,0,
0,1,50,15,26,0,2,-1,true,false,12,2,14,12,8,5,16,16,2,7,18,5,15,1,2,3,12,17,11,15,1,19,0,1,0,3,1,2,3,3,
0,1,65,6,5,1,2,-1,true,false,20,14,18,2,18,1,7,19,15,16,7,6,18,0,0,10,12,13,18,9,18,16,1,0,3,3,3,1,3,1,
0,1,95,40,55,2,3,-1,false,false,11,17,16,7,1,19,4,16,12,11,15,12,0,3,0,0,12,9,4,5,16,6,0,2,2,1,3,3,1,3,
0,1,104,-1,-1,2,3,-1,false,false,44,86,7,17,9,15,4,17,7,16,7,2,1,9,2,19,13,1,2,17,12,13,2,3,0,2,2,3,0,1,
0,1,90,17,61,2,3,-1,true,false,3,96,3,2,12,15,17,19,3,16,2,15,19,8,1,10,14,13,1,14,5,3,1,3,1,2,0,3,0,1,
0,1,71,14,55,1,3,-1,false,false,7,38,11,7,12,19,3,4,0,16,7,12,7,2,5,0,0,9,0,5,4,6,3,0,3,0,2,0,2,0,
0,1,91,55,6,2,3,-1,false,false,13,7,7,16,2,18,16,19,16,15,6,15,2,1,0,0,9,12,6,18,6,16,0,1,1,3,3,2,3,1,
0,1,110,-1,-1,2,3,-1,true,false,46,28,18,18,7,13,16,6,1,9,11,13,16,18,3,14,10,17,2,13,12,17,1,1,2,0,3,3,2,1,
0,1,105,-1,-1,2,3,-1,true,false,29,35,17,12,3,18,17,15,14,6,13,5,5,9,7,2,12,19,9,16,0,2,3,3,3,0,2,1,3,3,
0,1,99,76,61,2,3,-1,false,false,43,94,16,2,0,19,18,19,12,16,17,15,9,1,6,0,11,12,15,9,7,16,0,3,0,2,0,3,0,1,
0,1,81,5,6,2,3,-1,false,false,9,16,8,18,1,15,19,7,7,12,1,15,0,18,10,0,8,12,4,14,16,18,3,2,3,3,3,3,0,1,
0,1,132,61,55,3,4,-1,true,false,15,9,16,7,15,19,19,4,15,16,1,12,8,2,10,7,12,9,14,6,3,6,1,2,2,1,3,3,1,3,
0,1,80,-1,-1,1,4,-1,false,false,44,96,15,17,2,10,19,18,1,7,17,14,4,6,1,8,7,13,0,10,0,2,0,3,2,3,0,0,2,3,
0,1,126,55,40,3,4,-1,true,false,14,15,3,2,2,1,16,19,16,12,12,15,3,0,0,0,9,8,5,4,6,16,2,1,0,2,0,3,3,3,
0,1,144,95,81,3,4,-1,true,false,9,19,7,18,1,1,4,19,11,12,12,1,0,18,0,10,9,12,5,4,6,18,0,3,1,3,3,3,1,0,
0,1,143,95,5,3,4,-1,false,false,15,14,16,2,1,1,16,4,12,7,12,6,0,0,0,0,9,8,5,4,16,3,2,3,2,3,3,1,3,0,
0,1,141,65,61,3,4,-1,false,false,17,12,18,16,18,15,7,19,15,16,6,1,0,1,0,0,13,13,18,14,16,3,0,3,3,3,3,3,3,1,
0,1,123,17,90,3,4,-1,false,false,3,93,3,3,12,15,7,19,4,16,15,15,1,8,1,1,14,13,15,1,5,3,1,3,3,1,1,3,0,1,
0,1,149,91,5,3,4,-1,true,false,11,5,16,8,2,1,16,4,15,16,6,1,2,0,0,0,9,13,6,4,16,16,0,3,1,3,3,1,3,1,
0,1,131,61,55,3,4,-1,false,false,22,15,16,7,15,2,19,4,15,11,1,12,8,2,10,7,12,9,14,5,3,6,3,0,3,0,3,3,1,0,
0,1,122,14,40,3,4,-1,true,false,17,29,11,2,18,1,6,19,15,7,7,1,7,0,5,0,0,12,18,4,4,16,1,0,3,3,2,3,2,1,
0,1,130,40,99,3,4,-1,true,false,16,19,16,2,15,0,4,18,7,12,15,17,0,1,0,6,12,12,4,9,16,7,0,3,3,2,3,0,3,1,
0,1,145,95,5,3,4,-1,false,false,14,16,16,2,19,19,4,4,11,7,15,1,3,8,0,0,9,13,5,4,6,16,0,3,1,3,3,3,3,1,
0,1,158,-1,-1,3,4,-1,false,false,47,1,2,15,12,13,17,0,6,8,6,4,7,19,0,13,7,13,18,17,4,8,1,0,2,3,1,3,1,3,
0,1,124,19,11,3,4,-1,false,false,44,80,18,6,10,14,8,13,0,3,10,8,2,17,13,4,12,10,5,18,13,13,0,3,2,1,3,2,3,3,
0,2,14,0,0,0,0,-1,true,true,41,26,15,12,6,7,18,13,17,5,14,14,13,19,1,14,12,7,14,18,13,16,0,1,0,0,0,3,2,2,
0,2,65,-1,-1,0,1,-1,true,false,43,45,10,1,9,1,19,7,19,5,2,14,16,4,4,2,17,13,4,12,17,1,3,0,2,2,3,0,3,2,
0,2,63,-1,-1,0,1,-1,true,false,28,47,17,10,18,11,17,1,11,1,12,1,14,1,15,11,4,19,1,9,13,12,1,2,0,2,3,2,2,3,
0,2,40,5,27,0,1,-1,false,false,8,91,6,2,19,15,11,4,6,5,15,0,16,6,15,14,19,1,15,11,1,6,2,0,1,0,3,3,0,2,
0,2,58,-1,-1,0,1,-1,true,false,16,84,14,5,4,19,12,9,13,5,0,8,6,4,13,4,16,8,8,4,11,4,0,2,2,2,1,0,1,1,
0,2,98,-1,-1,1,2,-1,true,false,30,7,13,15,16,16,3,3,18,11,19,3,11,18,6,15,13,19,8,19,2,0,0,0,3,0,1,0,2,0,
0,2,96,-1,-1,1,2,-1,true,false,26,58,9,11,10,16,13,16,9,18,0,14,13,7,13,19,10,11,7,3,6,9,3,2,1,3,2,1,3,3,
0,2,82,15,40,1,2,-1,false,false,29,31,0,6,0,19,6,11,9,6,15,0,10,6,9,14,13,1,5,11,14,6,1,0,3,1,1,3,2,2,
0,2,80,10,58,1,2,-1,true,false,19,83,4,14,7,4,15,12,15,5,17,8,12,6,2,13,12,16,2,4,11,4,1,2,0,2,1,0,0,1,
0,2,71,6,17,1,2,-1,true,false,18,12,15,11,10,16,15,3,1,19,12,3,19,19,14,0,4,2,0,4,3,1,0,3,1,3,2,3,2,1,
0,2,93,61,10,1,2,-1,true,false,30,85,19,4,9,18,6,15,11,13,15,17,3,15,6,2,19,12,15,9,0,11,3,1,0,0,1,2,3,1,
0,2,67,5,43,1,2,-1,false,false,14,12,16,8,0,1,11,11,6,2,15,19,0,17,3,15,19,19,9,9,12,7,2,1,1,1,3,1,0,3,
0,2,95,-1,-1,1,2,-1,false,false,43,48,14,15,11,17,13,14,18,16,18,4,18,5,19,6,13,13,7,19,4,4,0,2,2,0,0,1,3,1,
0,2,81,14,13,1,2,-1,false,false,40,19,15,7,6,9,13,11,5,15,14,8,19,1,1,0,7,7,14,7,13,14,0,3,0,1,3,1,2,0,
0,2,72,6,42,1,2,-1,false,false,11,8,15,9,0,0,15,0,3,5,12,15,12,16,11,15,16,15,0,9,13,1,0,1,1,1,2,3,2,3,
0,2,90,43,5,1,2,-1,true,false,8,14,6,16,19,0,0,11,2,2,19,15,16,16,4,3,19,15,9,9,7,1,1,2,0,1,1,3,3,3,
0,2,97,-1,-1,1,2,-1,true,false,17,68,13,2,4,5,0,9,5,8,17,4,13,19,18,19,10,17,6,1,14,17,0,3,3,3,1,2,3,2,
0,2,86,16,61,1,2,-1,false,false,27,83,16,19,4,3,18,5,10,6,16,15,16,2,14,1,1,4,10,15,8,16,0,3,1,0,1,0,2,3,
0,2,122,16,42,2,3,-1,true,false,26,62,5,9,4,0,18,11,0,2,16,1,16,6,16,15,4,15,18,9,8,1,1,2,1,1,1,3,1,3,
0,2,117,15,83,2,3,-1,false,false,25,62,8,8,18,0,6,6,9,9,15,4,10,10,9,9,13,13,5,2,14,14,1,0,3,3,3,2,1,1,
0,2,156,72,90,2,3,-1,false,false,9,1,15,16,0,19,0,11,5,2,12,19,12,16,11,3,16,19,9,9,13,1,1,2,1,0,3,1,3,3,
0,2,147,93,86,2,3,-1,false,false,26,81,19,19,9,4,15,5,11,10,15,15,15,16,6,14,19,1,9,10,0,16,3,0,0,1,2,1,3,3,
0,2,164,-1,-1,2,3,-1,false,false,38,53,9,13,3,3,17,5,0,6,13,2,5,9,9,12,7,15,13,16,17,19,0,3,3,1,2,1,0,2,
0,2,113,14,13,2,3,-1,true,false,36,20,12,7,7,18,18,3,5,15,14,15,13,17,1,14,12,7,14,7,13,0,0,3,0,1,0,1,2,3,
0,2,116,15,83,2,3,-1,true,false,27,13,8,0,0,0,6,13,19,6,15,4,12,9,9,9,13,13,10,10,12,14,1,0,3,3,1,1,1,1,
0,2,163,-1,-1,2,3,-1,true,false,37,41,10,11,17,1,12,11,12,17,9,2,18,0,18,18,11,13,2,2,10,5,0,0,3,1,0,2,0,1,
0,2,131,43,5,2,3,-1,false,false,13,12,6,6,1,0,11,11,7,6,19,15,16,16,15,3,19,19,9,15,7,12,1,2,0,1,3,3,3,3,
0,2,146,71,41,2,3,-1,true,false,21,13,11,6,16,1,15,0,1,2,12,1,19,6,14,11,4,19,4,15,1,7,0,1,3,0,3,0,2,0,
0,2,119,16,86,2,3,-1,true,false,24,83,16,16,4,3,18,18,10,10,15,15,16,16,16,1,1,1,10,15,8,16,0,3,1,0,1,1,2,2,
0,2,143,80,58,2,3,-1,true,false,17,86,4,14,7,4,15,9,5,13,8,8,12,6,13,13,12,8,4,4,4,11,1,0,0,2,0,0,0,1,
0,2,115,15,83,2,3,-1,false,false,35,24,0,0,0,18,13,13,19,6,4,15,10,9,2,9,13,13,10,10,12,14,1,0,3,3,3,1,1,2,
0,2,123,17,43,2,3,-1,false,false,5,19,11,6,16,1,3,11,19,2,13,19,19,17,7,15,2,19,4,9,19,12,2,1,3,0,3,3,3,3,
0,2,110,10,80,2,3,-1,false,false,16,77,4,14,7,4,7,12,13,5,19,8,15,6,19,2,12,16,2,2,7,11,1,2,0,2,2,1,1,1,
0,2,251,119,80,3,4,-1,false,false,19,66,16,4,3,7,18,12,10,5,15,8,16,12,1,2,1,12,10,4,8,4,0,1,1,0,1,0,2,0,
0,2,234,164,95,3,4,-1,false,false,40,53,13,15,3,11,17,13,6,18,13,4,9,18,9,19,7,13,13,19,19,4,3,2,1,0,2,1,0,1,
0,2,186,43,67,3,4,-1,true,false,8,13,8,8,1,0,11,11,2,2,3,19,17,17,4,15,19,19,9,9,12,12,3,2,1,1,3,1,3,3,
0,2,233,147,16,3,4,-1,false,false,28,80,19,5,4,4,15,18,11,10,15,16,16,1,14,16,1,1,10,18,16,8,0,1,1,1,1,0,3,1,
0,2,210,95,65,3,4,-1,false,false,48,44,14,10,11,1,13,19,16,19,4,14,18,4,19,4,13,13,19,12,4,1,2,3,0,2,1,0,3,3,
0,2,240,107,119,3,4,-1,true,false,20,55,4,16,7,4,7,18,5,10,17,15,15,16,19,16,12,1,4,10,11,8,2,3,0,0,1,1,0,2,
0,2,217,90,43,3,4,-1,false,false,5,16,16,8,0,19,0,11,2,7,15,3,16,16,4,15,15,19,9,9,7,12,1,3,0,1,1,1,3,3,
0,2,253,143,80,3,4,-1,false,false,20,86,14,4,4,4,15,15,5,5,8,8,6,6,13,2,8,16,4,2,4,4,1,2,2,0,0,0,0,0,
0,2,244,131,43,3,4,-1,false,false,16,15,6,6,0,1,11,11,7,2,19,3,16,17,15,15,19,19,9,9,7,12,1,3,1,0,3,3,3,3,
0,2,231,147,107,3,4,-1,true,false,31,83,19,4,4,18,15,12,10,15,15,17,15,15,14,19,19,16,9,4,16,11,3,1,0,0,2,1,3,0,
0,2,228,117,122,3,4,-1,false,false,23,61,8,9,18,0,6,18,9,2,15,1,10,6,9,16,13,4,5,9,14,1,0,2,3,1,3,3,1,1,
0,2,174,13,113,3,4,-1,false,false,33,12,7,12,9,18,3,3,15,5,8,14,1,13,14,14,1,12,4,7,14,13,1,0,1,0,1,1,3,2,
0,2,263,-1,-1,3,4,-1,false,false,19,38,11,12,17,0,12,14,3,16,12,0,16,1,10,17,6,0,11,10,10,8,3,0,2,2,0,1,2,2,
0,2,198,71,131,3,4,-1,true,false,15,8,11,6,10,1,3,11,19,6,3,15,19,16,14,15,4,19,4,9,1,7,0,1,1,0,2,3,2,3,
0,2,246,146,71,3,4,-1,false,false,17,19,11,15,16,10,0,3,1,19,1,3,19,19,11,0,19,2,4,0,1,3,0,3,0,3,0,3,0,1,
0,2,191,61,80,3,4,-1,false,false,23,90,19,4,9,7,5,15,6,5,0,17,2,12,6,2,19,16,15,4,16,11,3,2,3,0,0,1,3,0,
0,2,223,86,107,3,4,-1,false,false,25,86,16,4,4,18,18,7,6,15,16,17,2,12,1,19,1,16,15,4,16,11,3,1,1,0,1,1,3,0,
0,2,225,122,117,3,4,-1,false,false,31,63,9,8,4,0,18,6,2,9,16,4,6,10,16,9,15,13,9,2,1,14,2,0,1,3,3,2,1,1,
0,2,258,123,65,3,4,-1,true,false,1,18,6,10,1,1,11,7,19,19,19,2,17,4,15,4,19,13,4,4,12,1,1,0,0,2,3,0,3,2,
0,2,183,43,131,3,4,-1,true,false,5,33,6,6,1,0,0,11,2,6,19,15,17,16,15,3,19,19,9,9,7,7,1,2,0,0,1,3,3,3,
0,2,200,71,146,3,4,-1,false,false,20,12,11,11,10,1,3,0,19,2,12,12,19,19,14,14,4,19,0,4,3,1,3,1,1,3,2,3,2,0,
0,2,254,143,80,3,4,-1,true,false,12,66,4,14,7,7,15,15,13,5,8,8,12,6,13,13,8,12,4,2,4,4,0,2,0,2,0,0,0,0,
0,2,239,107,86,3,4,-1,false,false,22,79,4,19,7,3,7,18,15,6,17,16,12,2,19,1,16,4,2,15,11,16,2,0,0,1,1,1,0,3,
0,2,238,107,119,3,4,-1,false,false,22,83,4,16,7,3,7,18,5,10,17,15,12,16,13,1,16,1,4,10,11,8,2,3,0,1,1,1,0,2,
0,2,250,119,107,3,4,-1,false,false,26,84,16,4,3,18,18,7,10,15,15,17,16,15,16,19,1,16,15,2,8,11,0,1,1,0,1,1,2,0,
0,2,85,16,61,1,4,-1,true,false,27,64,16,19,16,9,18,5,10,6,15,0,1,2,14,1,4,4,18,15,8,16,1,3,1,3,1,0,2,3,
0,2,202,93,86,3,4,-1,false,false,34,88,4,19,18,4,15,5,11,10,17,15,15,2,6,14,19,1,9,10,0,8,1,0,0,0,2,0,1,2,
0,2,111,13,40,2,4,-1,true,false,34,37,7,6,9,15,11,11,13,5,8,15,1,16,14,15,7,19,4,11,14,6,3,0,1,1,0,3,3,0,
0,2,252,119,107,3,4,-1,true,false,22,85,16,4,3,7,18,12,10,5,15,19,16,12,16,13,1,12,10,2,8,11,3,2,0,0,1,1,2,0,
0,2,261,-1,-1,3,4,-1,false,false,35,60,16,13,16,11,2,16,10,3,19,13,10,3,15,3,19,14,18,1,6,1,3,2,3,3,2,1,2,0,
0,2,172,13,72,3,4,-1,false,false,35,18,7,9,9,0,11,15,13,3,15,15,1,16,0,11,7,15,7,9,0,13,1,0,1,1,1,2,0,3,
0,2,213,72,90,3,4,-1,false,false,8,8,15,6,0,19,0,11,3,2,12,19,16,16,11,4,16,15,9,9,13,7,1,2,1,0,2,1,3,3,
1,3,7,2,2,0,0,-1,false,true,60,55,18,17,19,4,8,5,12,15,13,16,4,3,15,3,1,11,6,15,11,17,1,0,2,0,0,0,3,3,
0,3,54,-1,-1,0,1,-1,true,false,45,48,13,19,11,2,14,16,13,1,7,13,8,5,1,14,9,10,11,11,9,0,1,1,0,1,2,0,3,0,
0,3,90,-1,-1,1,2,-1,true,false,16,68,7,15,13,17,18,10,17,4,3,3,15,15,0,10,3,11,7,14,5,15,3,1,3,2,3,3,3,3,
0,3,72,14,6,1,2,-1,false,false,14,14,5,11,18,4,1,13,1,19,14,13,3,0,7,0,6,5,0,19,1,2,1,0,1,2,1,0,1,3,
0,3,85,-1,-1,1,2,-1,false,false,28,35,10,6,11,2,17,1,8,2,8,9,15,1,18,11,12,7,17,16,16,9,1,2,3,0,1,2,3,3,
0,3,97,-1,-1,1,2,-1,true,false,35,47,12,3,8,1,12,10,19,0,4,11,16,5,15,12,9,13,18,4,6,9,0,1,2,3,3,1,1,1,
0,3,73,14,6,1,2,-1,true,false,16,11,10,11,16,4,7,13,1,19,14,13,3,0,13,0,4,5,5,1,18,12,1,0,0,2,1,0,1,0,
0,3,87,-1,-1,1,2,-1,true,false,22,30,18,15,16,1,17,19,1,4,13,12,6,4,0,16,6,10,15,9,19,8,2,3,3,2,3,1,0,0,
0,3,77,19,48,1,2,-1,false,false,37,43,13,7,12,19,14,9,7,6,15,15,12,16,13,18,12,11,8,1,16,8,0,1,1,2,2,0,3,0,
0,3,78,48,19,1,2,-1,true,false,24,38,17,13,7,12,6,6,19,7,3,8,16,12,18,13,11,12,9,8,10,10,1,0,2,1,3,2,0,1,
0,3,79,48,19,1,2,-1,false,false,21,24,7,13,19,14,9,6,6,7,3,15,16,15,18,14,11,12,9,8,8,16,1,0,2,1,3,2,2,1,
0,3,136,87,18,2,3,-1,false,false,18,32,18,17,16,3,17,5,4,2,12,15,4,13,0,16,10,6,15,3,8,1,3,1,3,1,1,0,0,0,
0,3,148,-1,-1,2,3,-1,false,false,12,76,8,0,7,7,11,5,2,3,16,2,1,15,11,14,12,3,12,4,14,5,1,3,2,1,0,2,3,0,
0,3,98,5,14,2,3,-1,false,false,9,17,10,10,11,18,0,1,5,19,10,14,14,3,0,13,11,6,2,0,13,18,3,1,1,1,2,1,0,1,
0,3,143,78,87,2,3,-1,true,false,28,36,17,18,7,16,6,17,7,4,3,12,16,4,18,0,11,6,8,9,10,8,1,2,2,3,2,1,1,0,
0,3,99,5,14,2,3,-1,true,false,8,10,16,5,3,16,2,7,5,1,10,14,2,11,14,13,13,6,2,0,13,18,3,1,1,1,3,1,0,1,
0,3,89,-1,-1,1,3,-1,true,false,21,58,4,4,15,8,13,17,4,2,5,8,12,12,0,14,14,3,14,0,5,13,1,0,0,0,3,0,2,2,
0,3,100,5,14,2,3,-1,true,false,12,12,10,10,3,18,0,1,7,19,10,14,2,3,0,7,13,6,2,5,15,1,3,1,1,1,3,1,0,1,
0,3,112,16,7,2,3,-1,true,false,28,80,2,18,3,19,11,5,11,12,1,16,14,3,18,3,11,11,19,15,10,17,1,0,2,0,3,0,2,3,
0,3,140,71,5,2,3,-1,false,false,14,7,5,16,16,3,1,2,1,5,10,10,2,2,0,0,11,13,2,2,1,15,1,0,2,2,3,3,0,0,
0,3,135,87,18,2,3,-1,false,false,20,27,18,17,1,3,19,17,4,5,13,15,6,17,0,16,10,6,15,19,8,1,3,1,3,1,3,1,0,0,
0,3,134,87,18,2,3,-1,true,false,26,29,18,17,16,2,19,5,4,2,13,15,6,13,0,17,10,6,9,19,8,1,2,0,3,0,3,1,0,0,
0,3,101,5,14,2,3,-1,false,false,15,13,10,5,3,16,2,7,5,19,7,17,2,11,14,13,13,6,2,5,15,18,0,1,2,0,2,1,0,1,
0,3,151,-1,-1,2,3,-1,false,false,10,28,12,2,6,18,10,10,0,5,15,12,17,19,10,18,9,18,10,16,19,0,2,1,1,1,1,3,1,0,
0,3,152,-1,-1,2,3,-1,true,false,24,84,15,13,14,6,18,10,19,10,0,1,19,0,10,17,9,10,12,15,7,5,1,2,3,0,2,0,2,2,
0,3,104,6,73,2,3,-1,true,false,13,25,11,11,18,4,4,13,0,19,18,14,2,0,5,0,16,4,1,5,2,12,0,1,2,2,3,0,0,1,
0,3,132,91,5,2,3,-1,true,false,13,5,19,10,7,3,11,2,5,5,5,7,15,2,17,14,19,13,8,2,19,15,2,0,2,2,3,2,0,0,
0,3,159,19,143,3,4,-1,true,false,27,47,13,18,14,7,6,6,11,7,8,12,12,16,14,18,12,11,8,9,16,8,0,1,1,3,3,1,3,0,
0,3,193,99,132,3,4,-1,false,false,6,19,16,19,3,7,2,11,1,5,10,5,2,2,14,14,6,19,0,2,13,19,1,2,1,2,3,3,0,0,
0,3,202,140,100,3,4,-1,true,false,12,21,5,10,16,18,2,0,5,19,10,10,2,3,0,0,13,6,2,2,15,1,0,3,2,1,3,1,0,1,
0,3,161,48,78,3,4,-1,false,false,22,58,7,17,7,7,6,6,19,19,15,3,16,16,0,18,13,11,9,8,10,10,2,0,2,1,3,2,2,1,
0,3,176,91,110,3,4,-1,true,false,11,0,19,11,7,16,11,1,16,19,3,14,11,3,1,0,19,4,12,0,19,12,1,0,0,0,2,1,0,1,
0,3,192,143,87,3,4,-1,true,false,26,33,17,18,16,1,17,19,4,4,12,13,16,6,0,0,6,10,9,9,10,8,2,3,3,3,2,3,0,0,
0,3,175,73,132,3,4,-1,true,false,19,12,11,10,16,7,7,11,19,5,14,7,0,15,0,14,5,19,1,8,12,15,0,2,0,2,1,2,0,0,
0,3,187,136,18,3,4,-1,true,false,16,33,17,17,3,2,5,5,2,2,15,15,4,17,0,17,6,6,15,3,8,8,3,0,3,1,1,1,0,0,
0,3,201,140,100,3,4,-1,true,false,16,6,16,10,3,18,2,1,5,19,10,14,2,3,0,0,11,13,2,5,15,15,1,3,2,1,3,3,0,0,
0,3,186,71,91,3,4,-1,false,false,15,12,10,19,16,14,1,2,7,16,14,5,3,11,7,1,11,14,2,12,13,4,3,2,0,0,3,2,1,0,
0,3,191,143,87,3,4,-1,true,false,25,38,18,15,7,1,6,19,7,1,12,13,16,6,18,16,11,10,9,9,10,19,2,3,3,3,1,3,1,0,
0,3,216,132,99,3,4,-1,true,false,17,6,10,5,3,16,2,7,5,5,5,10,2,11,14,14,13,13,8,0,19,18,0,1,2,1,2,3,0,0,
0,3,126,85,19,2,4,-1,false,false,31,36,6,13,11,14,1,14,8,11,9,8,1,12,18,14,7,12,17,15,16,16,2,0,3,1,1,2,3,3,
0,3,80,48,19,1,4,-1,true,false,28,39,7,13,7,14,9,6,19,11,3,15,16,15,18,13,11,12,9,8,10,16,2,0,2,1,0,3,2,3,
0,3,210,151,104,3,4,-1,true,false,8,26,12,11,6,4,10,13,5,19,15,18,17,0,10,0,9,16,16,1,19,2,1,0,1,2,1,3,0,1,
0,3,184,71,110,3,4,-1,true,false,12,5,5,11,11,16,1,1,1,19,10,14,3,11,7,0,11,4,0,5,1,18,3,0,2,0,1,1,1,1,
0,3,155,14,73,3,4,-1,false,false,16,16,10,10,16,4,1,7,19,19,14,14,11,3,7,13,4,5,0,5,18,18,1,0,0,2,1,0,1,1,
0,3,217,132,110,3,4,-1,true,false,11,3,19,11,3,16,2,13,5,19,7,13,2,3,17,0,13,4,8,5,19,12,0,1,2,0,3,1,0,1,
0,3,200,140,132,3,4,-1,true,false,19,10,5,19,3,3,2,11,1,5,10,7,2,15,0,14,13,19,2,2,15,15,0,2,2,2,3,2,0,0,
0,3,224,-1,-1,3,4,-1,false,false,13,26,7,7,10,3,13,3,2,17,6,10,4,5,6,17,14,16,10,3,19,6,2,3,2,3,3,3,2,0,
0,3,179,91,132,3,4,-1,false,false,12,1,6,19,14,7,11,2,16,5,5,7,15,2,1,17,14,19,12,8,4,19,2,0,2,2,3,3,0,0,
0,3,206,101,100,3,4,-1,false,false,10,4,10,10,3,18,7,1,5,19,7,10,11,3,14,0,6,13,5,5,18,1,0,3,2,1,2,1,0,0,
0,3,76,19,48,1,4,-1,false,false,36,43,13,7,14,7,6,9,11,6,15,15,12,16,13,0,12,13,8,9,10,10,0,2,1,2,2,3,3,2,
1,4,9,4,4,0,0,-1,false,true,62,55,2,16,6,7,15,18,3,2,8,5,15,4,17,11,2,9,8,7,15,10,2,3,2,0,0,1,0,2,
0,4,15,0,0,0,0,-1,true,true,8,10,11,1,11,13,11,12,9,9,4,8,6,6,10,11,9,2,11,7,9,6,3,1,3,1,3,3,1,1,
0,4,67,-1,-1,0,1,-1,true,false,30,66,1,5,18,0,13,3,7,14,1,7,12,8,12,12,16,3,16,2,15,5,0,0,1,2,2,1,3,1,
0,4,40,5,15,0,1,-1,false,false,14,11,18,11,6,11,17,11,17,9,8,4,1,6,14,11,12,2,6,11,7,9,1,3,3,3,3,3,2,1,
0,4,60,19,7,0,1,-1,false,false,10,47,8,15,7,5,11,5,7,6,12,2,18,4,11,11,16,6,19,8,9,5,0,1,3,1,3,1,0,1,
0,4,59,19,13,0,1,-1,true,false,10,48,7,19,13,13,13,7,17,3,19,4,18,4,0,5,16,5,4,7,9,5,2,3,3,2,2,2,0,3,
0,4,70,-1,-1,0,1,-1,true,false,27,50,4,2,19,0,7,11,4,13,12,13,16,18,18,18,5,18,19,19,16,3,2,3,0,3,1,2,2,3,
0,4,44,6,16,0,1,-1,false,false,12,18,7,15,13,6,9,3,15,2,19,1,0,13,11,7,17,4,5,10,3,4,1,0,3,3,2,0,3,0,
0,4,72,6,16,1,2,-1,true,false,11,13,15,4,14,11,4,9,15,2,19,1,0,13,2,8,12,1,6,12,3,0,2,0,3,3,2,0,3,0,
0,4,71,5,15,1,2,-1,false,false,14,12,18,1,6,11,12,11,17,9,8,8,1,6,9,11,12,9,6,7,7,6,1,3,0,3,0,3,2,1,
0,4,105,59,19,1,2,-1,false,false,9,47,7,7,13,7,7,13,3,17,4,19,4,18,0,11,16,9,4,4,5,12,3,0,2,3,2,2,0,2,
0,4,98,60,59,1,2,-1,false,false,8,43,8,19,5,13,11,13,6,3,12,4,18,18,11,0,16,5,19,7,9,5,1,2,1,3,3,2,0,0,
0,4,99,60,19,1,2,-1,false,false,5,74,15,7,7,7,11,13,6,17,12,19,18,18,11,0,16,16,19,4,9,12,1,2,3,3,1,3,1,2,
0,4,97,60,19,1,2,-1,false,false,8,19,15,7,5,13,5,13,6,17,2,19,18,2,11,0,6,16,8,19,9,9,1,2,3,3,3,3,1,2,
0,4,85,55,56,1,2,-1,false,false,23,87,0,0,6,6,19,15,19,1,15,19,19,13,11,3,5,5,18,6,5,15,2,1,0,3,3,3,3,0,
0,4,86,55,56,1,2,-1,false,false,20,93,0,0,5,19,19,15,19,1,15,19,19,10,15,3,5,15,18,6,5,15,2,1,0,0,3,0,0,0,
0,4,83,19,60,1,2,-1,true,false,12,39,7,15,7,5,13,5,17,6,19,12,2,18,11,11,9,6,4,19,12,5,2,1,3,3,3,3,2,0,
0,4,184,100,63,2,3,-1,false,false,26,64,1,7,4,13,8,3,16,16,6,3,9,9,10,5,5,11,15,2,12,6,3,1,1,0,1,1,3,3,
0,4,117,5,6,2,3,-1,true,false,10,8,18,15,6,13,12,4,3,15,1,7,8,0,9,11,12,17,6,5,7,3,1,2,3,0,0,0,2,3,
0,4,175,105,59,2,3,-1,true,false,6,57,7,19,13,13,13,13,3,3,19,4,18,18,0,5,16,16,4,4,5,9,3,2,2,2,2,2,2,3,
0,4,178,97,72,2,3,-1,true,false,6,22,15,15,13,14,13,4,6,15,2,1,2,0,0,2,16,12,8,12,9,0,1,0,3,3,3,0,1,3,
0,4,122,6,72,2,3,-1,true,false,14,13,15,15,13,14,4,4,15,2,19,1,0,13,11,2,17,1,5,6,3,0,1,0,3,3,2,0,1,3,
0,4,133,14,85,2,3,-1,false,false,26,91,0,0,4,6,19,19,5,19,15,15,13,13,3,11,0,5,7,6,2,15,2,1,0,3,3,3,0,3,
0,4,166,72,40,2,3,-1,true,false,9,11,15,11,11,6,4,11,15,9,1,4,0,1,2,11,1,2,12,6,0,7,2,3,3,3,2,3,3,1,
0,4,121,6,72,2,3,-1,true,false,11,68,15,15,14,11,4,9,11,15,7,1,12,0,11,8,17,1,6,12,19,0,2,0,0,3,0,2,3,3,
0,4,173,105,5,2,3,-1,true,false,4,47,7,1,13,7,13,17,17,17,19,8,4,8,11,14,9,15,4,6,5,7,0,1,2,3,2,3,2,2,
0,4,143,67,64,2,3,-1,true,false,28,69,5,4,18,6,13,11,14,10,1,12,8,17,12,12,3,5,2,7,5,18,0,1,1,0,1,3,3,0,
0,4,144,67,64,2,3,-1,false,false,29,51,1,1,18,6,13,4,14,0,7,12,8,2,12,12,3,5,2,9,15,12,0,1,1,1,2,3,1,2,
0,4,141,67,64,2,3,-1,false,false,32,65,1,4,0,4,3,11,14,0,7,12,12,2,12,10,3,5,16,7,5,18,0,1,1,1,1,3,3,0,
0,4,138,15,72,2,3,-1,false,false,5,6,1,4,11,14,11,4,9,2,4,1,6,13,11,2,2,1,7,6,9,0,3,2,3,3,3,0,1,0,
0,4,155,64,63,2,3,-1,false,false,27,64,1,3,4,5,11,3,0,16,12,6,17,12,10,5,5,6,9,2,12,8,1,3,1,2,2,0,2,3,
0,4,131,12,56,2,3,-1,false,false,44,96,13,0,10,6,10,15,0,5,4,15,8,13,1,12,11,5,2,7,3,6,3,2,0,0,0,0,3,0,
0,4,157,64,63,2,3,-1,false,false,28,68,1,7,4,13,11,8,0,6,12,6,17,12,10,13,5,6,7,2,12,6,0,3,0,2,2,0,0,0,
0,4,129,11,83,2,3,-1,false,false,11,31,5,15,15,7,19,5,8,6,9,19,1,18,18,11,11,6,16,19,10,12,1,2,0,3,1,3,3,0,
0,4,134,14,85,2,3,-1,false,false,20,87,0,0,6,6,19,19,19,19,18,15,19,19,3,3,0,5,7,6,2,5,2,1,3,0,1,3,0,0,
0,4,118,5,15,2,3,-1,false,false,9,7,18,1,6,11,17,11,3,9,1,4,8,6,9,10,12,2,6,11,3,6,1,3,0,3,0,3,2,1,
0,4,159,59,8,2,3,-1,false,false,5,53,19,2,13,16,7,3,3,7,19,7,4,18,0,11,5,2,4,3,9,13,2,1,2,3,2,3,3,1,
0,4,153,60,15,2,3,-1,false,false,8,49,15,1,7,11,11,12,6,9,2,8,4,6,11,11,16,9,8,7,5,6,1,3,1,3,1,3,0,1,
0,4,164,44,72,2,3,-1,true,false,14,18,15,15,13,14,9,4,15,2,19,1,13,0,7,8,4,1,10,6,3,3,1,2,3,3,0,0,3,0,
0,4,305,138,118,3,4,-1,false,false,2,18,4,1,11,11,11,17,9,3,4,1,13,8,2,9,2,12,6,11,9,3,3,1,3,0,3,0,0,2,
0,4,212,67,157,3,4,-1,false,false,28,64,1,1,0,4,13,8,14,0,7,6,12,12,12,10,16,6,16,7,15,12,0,3,2,2,1,2,1,0,
0,4,231,63,143,3,4,-1,false,false,18,69,7,4,5,6,8,11,16,10,6,1,12,8,5,12,11,5,15,7,8,18,1,0,0,0,1,1,3,3,
0,4,245,101,133,3,4,-1,true,false,29,95,3,0,13,6,4,19,10,5,6,15,9,13,10,3,5,0,15,7,8,2,3,2,0,0,1,3,2,0,
0,4,341,-1,-1,3,4,-1,true,false,18,90,13,12,5,8,0,14,1,4,16,12,11,8,10,12,5,19,0,11,11,5,3,3,2,1,1,0,0,1,
0,4,236,72,118,3,4,-1,true,false,15,12,4,18,11,6,9,11,15,3,1,1,0,8,8,10,1,2,12,11,0,3,0,3,3,0,2,0,0,1,
0,4,304,138,118,3,4,-1,false,false,3,34,1,18,14,6,11,17,9,9,1,1,6,8,11,10,2,12,7,11,9,6,2,1,3,3,3,0,0,1,
0,4,282,178,97,3,4,-1,false,false,5,25,15,7,14,13,4,13,15,17,2,19,0,2,2,0,12,16,8,19,9,9,0,2,3,3,0,3,3,2,
0,4,274,184,143,3,4,-1,false,false,29,64,7,5,4,6,3,11,16,10,6,1,9,17,10,12,11,5,2,2,12,5,3,0,0,0,1,1,3,0,
0,4,224,59,105,3,4,-1,true,false,14,47,7,7,13,7,13,7,17,3,4,4,18,4,5,11,5,9,4,4,9,5,3,0,2,2,2,2,3,2,
0,4,301,143,63,3,4,-1,true,false,24,62,5,7,18,13,13,3,10,16,1,3,8,12,12,5,3,11,2,2,5,6,1,3,0,2,3,0,3,0,
0,4,233,63,100,3,4,-1,false,false,25,73,3,7,13,13,3,8,16,10,3,6,12,9,13,13,6,5,2,15,8,8,1,0,2,0,0,1,0,3,
0,4,309,155,100,3,4,-1,false,false,25,64,3,7,4,4,11,8,0,16,6,6,17,9,10,13,6,5,9,15,8,12,1,0,1,1,0,3,2,3,
0,4,300,143,157,3,4,-1,true,false,24,65,4,1,18,4,11,11,10,0,12,12,17,12,12,13,3,6,2,7,5,12,0,3,1,0,1,2,3,0,
0,4,211,67,184,3,4,-1,false,false,35,67,5,1,18,13,3,8,7,16,7,3,8,9,12,5,16,5,2,2,15,12,0,3,1,0,2,1,1,3,
0,4,317,134,55,3,4,-1,true,false,18,91,0,0,6,5,19,19,19,10,18,4,19,19,3,15,0,5,7,18,5,5,2,0,0,3,3,3,0,3,
0,4,264,100,55,3,4,-1,false,false,22,20,1,1,4,5,8,14,16,10,0,15,9,19,10,11,11,0,15,18,12,2,3,2,0,3,1,3,0,3,
0,4,167,101,14,2,4,-1,true,false,28,92,3,13,13,6,3,19,16,5,6,18,17,19,10,3,11,5,9,7,8,2,1,2,0,3,1,1,0,0,
0,4,266,100,143,3,4,-1,true,false,22,68,1,4,13,6,11,11,16,14,0,1,9,17,10,12,11,3,7,2,8,5,0,1,0,1,3,1,0,0,
0,4,286,122,40,3,4,-1,true,false,12,13,15,18,13,11,4,17,15,9,19,8,0,6,11,11,17,12,6,11,3,7,0,3,3,3,2,3,3,2,
0,4,310,157,143,3,4,-1,false,false,30,68,1,5,13,18,11,11,6,14,6,12,12,8,10,12,5,3,7,7,6,18,3,1,0,1,0,3,0,3,
0,4,259,97,178,3,4,-1,true,false,13,20,7,15,5,14,13,13,17,15,19,1,18,2,11,2,16,12,8,12,9,9,1,0,3,3,3,0,2,3,
0,4,293,166,15,3,4,-1,false,false,7,12,15,11,11,13,11,11,9,9,4,4,0,6,2,10,2,2,12,7,0,9,2,1,3,1,3,3,3,1,
0,4,280,175,159,3,4,-1,false,false,9,58,7,19,13,16,13,3,3,7,4,7,18,18,0,0,16,2,4,3,9,13,3,1,2,2,2,3,3,1,
0,4,208,55,17,3,4,-1,true,false,22,87,1,5,5,16,19,12,10,14,4,14,19,5,15,3,0,10,18,13,5,16,2,1,3,0,3,0,0,2,
0,4,313,157,155,3,4,-1,true,false,23,58,7,1,13,5,11,11,6,16,12,6,17,17,10,10,5,6,2,2,12,12,3,1,0,1,2,2,0,3,
0,4,319,159,175,3,4,-1,true,false,10,51,2,19,16,13,7,13,3,3,7,19,18,18,11,5,2,16,4,4,13,5,1,3,2,2,2,2,3,2,
0,4,235,72,97,3,4,-1,true,false,8,17,4,15,11,5,4,5,15,6,19,2,13,2,2,0,12,16,12,8,3,9,0,1,3,3,0,3,0,1,
0,4,250,105,159,3,4,-1,false,false,11,48,7,19,13,16,13,3,3,7,19,19,18,4,11,11,9,2,4,3,5,13,0,1,2,2,2,3,2,3,
0,4,333,-1,-1,3,4,-1,true,false,47,76,9,1,11,17,6,1,0,0,11,1,12,9,8,14,11,19,3,12,18,11,1,0,2,1,0,2,0,1,
0,4,243,84,7,3,4,-1,true,false,12,40,4,15,11,5,9,18,1,0,1,2,13,4,11,11,16,6,10,15,4,5,1,3,3,0,3,2,2,0,
0,4,252,105,173,3,4,-1,true,false,7,53,7,1,13,7,13,17,17,17,4,8,18,4,11,14,9,9,4,4,5,7,0,1,2,3,2,2,2,2,
0,4,281,175,159,3,4,-1,false,false,2,54,19,19,13,16,13,3,3,3,19,7,18,4,0,0,16,5,4,3,9,9,2,1,2,2,2,2,2,3,
0,4,225,59,173,3,4,-1,true,false,8,48,7,1,13,13,7,13,17,17,19,8,4,4,5,11,5,9,4,6,5,7,2,0,2,3,2,2,3,2,
0,4,325,153,173,3,4,-1,false,false,13,48,15,1,11,7,12,13,6,17,2,8,6,4,11,14,9,15,7,6,6,5,3,0,1,3,1,2,0,2,
0,4,311,157,155,3,4,-1,false,false,27,66,7,3,4,5,8,11,0,0,6,12,17,12,13,10,5,5,2,2,12,12,0,1,0,2,0,2,0,2,
0,4,181,85,95,2,4,-1,false,false,21,87,0,0,6,19,19,15,1,1,15,19,13,13,11,12,5,15,18,6,15,5,2,0,0,3,3,3,3,0,
0,4,230,44,97,3,4,-1,true,false,10,20,7,15,6,5,3,5,2,6,1,19,0,2,7,11,4,6,10,8,4,9,1,2,3,3,0,3,0,1,
0,4,214,67,12,3,4,-1,true,false,28,62,5,13,18,10,3,10,14,0,7,4,12,3,12,1,16,11,16,7,15,3,0,3,1,0,1,0,1,3,
0,4,292,166,122,3,4,-1,true,false,10,11,15,15,6,14,11,4,15,15,4,1,1,13,2,11,2,1,6,5,7,3,3,1,3,3,2,0,1,1,
0,4,234,63,143,3,4,-1,true,false,21,73,3,4,5,18,3,11,6,10,6,1,12,8,5,12,6,5,2,7,6,5,1,0,0,0,1,3,3,0,
1,4,201,9,7,3,4,-1,false,false,58,29,16,10,7,1,18,5,2,0,5,2,15,13,11,18,2,6,7,8,10,2,2,1,0,1,1,2,2,1,
0,4,239,95,134,3,4,-1,false,false,22,82,0,0,19,6,14,19,1,19,4,18,13,19,11,3,15,5,6,6,6,2,0,1,3,0,3,3,0,0,
0,4,185,86,95,2,4,-1,true,false,21,93,0,0,19,19,19,14,1,1,15,19,19,13,3,12,15,0,18,8,15,5,2,0,0,3,0,3,0,0,
0,4,331,-1,-1,3,4,-1,true,false,49,26,8,3,18,0,6,5,9,11,18,3,15,19,2,4,0,6,1,16,6,17,1,1,2,0,1,3,1,2,
0,4,338,-1,-1,3,4,-1,true,false,6,53,2,10,1,3,0,15,13,17,19,1,0,8,4,9,17,12,18,13,0,7,2,3,0,0,1,1,2,0,
0,4,299,143,157,3,4,-1,false,false,25,51,5,1,18,4,13,11,10,0,1,12,17,12,12,10,5,6,7,2,5,12,1,3,0,0,1,2,0,0,
0,4,198,6,40,3,4,-1,true,false,13,16,7,11,14,11,9,11,15,17,7,8,0,1,2,14,12,12,5,6,19,9,2,3,3,3,2,3,3,1,
